-- Test user :
-- Username: test
-- Email: test@test.test
-- Password: testtest

INSERT INTO public.users (id, email, username, password_hash, created_at) VALUES
('a9fd34f8-9917-4f70-88c9-d6ad276463d3', 'test@test.test', 'test', '$2b$10$k4y0Gn/gfHeWyhpzI7hba.pJMNcZqibUln2p6pY1AHM5QEpPW04CK', '2025-11-21 08:42:46.715068'),
('db43a681-0f60-410d-8a81-3db2a45a9633', 'angus@angus.fr', 'Angus', '$2b$10$k4y0Gn/gfHeWyhpzI7hba.pJMNcZqibUln2p6pY1AHM5QEpPW04CK', '2025-11-21 08:42:46.715068'),
('b2079a72-65da-4b78-ac28-7728dabe54b9', 'paqui@paqui.fr', 'Paqui', '$2b$10$k4y0Gn/gfHeWyhpzI7hba.pJMNcZqibUln2p6pY1AHM5QEpPW04CK', '2025-11-21 08:42:46.715068'),
('f79374b7-7f31-4006-b357-f60a1383951a', 'maxence@maxence.fr', 'Maxence', '$2b$10$k4y0Gn/gfHeWyhpzI7hba.pJMNcZqibUln2p6pY1AHM5QEpPW04CK', '2025-11-21 08:42:46.715068'),
('dca1ea5c-040f-4458-a9c4-ca224a2d9912', 'neo@neo.fr', 'Néo', '$2b$10$k4y0Gn/gfHeWyhpzI7hba.pJMNcZqibUln2p6pY1AHM5QEpPW04CK', '2025-11-21 08:42:46.715068'),
('8ae6fb1c-6644-4bb6-b852-fad6b44a821a', 'yann@yann.fr', 'Yann', '$2b$10$k4y0Gn/gfHeWyhpzI7hba.pJMNcZqibUln2p6pY1AHM5QEpPW04CK', '2025-11-21 08:42:46.715068'),
('234f9429-d3b9-4e86-a17b-546ce08f50dd', 'clement@clement.fr', 'Clément', '$2b$10$k4y0Gn/gfHeWyhpzI7hba.pJMNcZqibUln2p6pY1AHM5QEpPW04CK', '2025-11-21 08:42:46.715068'),
-- Dummy users (for reactions)
('11111111-1111-1111-1111-111111111111', 'alice@test.dev', 'alice', 'hash', now()),
('22222222-2222-2222-2222-222222222222', 'bob@test.dev', 'bob', 'hash', now()),
('33333333-3333-3333-3333-333333333333', 'charlie@test.dev', 'charlie', 'hash', now()),
('44444444-4444-4444-4444-444444444444', 'diana@test.dev', 'diana', 'hash', now()),
('55555555-5555-5555-5555-555555555555', 'ed@test.dev', 'ed', 'hash', now()),
('66666666-6666-6666-6666-666666666666', 'fiona@test.dev', 'fiona', 'hash', now()),
('77777777-7777-7777-7777-777777777777', 'george@test.dev', 'george', 'hash', now());


INSERT INTO public.clothing_item (id, user_id, name, type, color) VALUES
('6eac116a-fc20-4229-aa4b-7aec8c52c0b6', 'b2079a72-65da-4b78-ac28-7728dabe54b9', 'Black shirt', 'shirt', 'black'),
('6ac8b8a3-2f3b-41a4-a54e-2270a94b010f', 'db43a681-0f60-410d-8a81-3db2a45a9633', 'Blue shirt', 'shirt', 'blue'),
('eb7ac92e-9e2a-4839-938c-5f44fc5428ad', 'b2079a72-65da-4b78-ac28-7728dabe54b9', 'White boxy shirt', 'shirt', 'white'),
('985b0ca5-2cdc-4abe-971c-9271af767b81', '234f9429-d3b9-4e86-a17b-546ce08f50dd', 'Blue long sleeve shirt', 'shirt', 'blue'),
('ca727857-1425-4643-9cb6-f666f60d9321', 'dca1ea5c-040f-4458-a9c4-ca224a2d9912', 'White shoes', 'shoes', 'white'),
('dbb24210-100c-446a-bf13-b317e043b0f4', 'f79374b7-7f31-4006-b357-f60a1383951a', 'Boots', 'shoes', 'yellow'),
('d432cda3-b385-48bf-9073-8c1ca60d3d38', 'db43a681-0f60-410d-8a81-3db2a45a9633', 'Red sweater', 'sweater', 'red'),
('45efc73a-03d8-46a8-a476-dbac6b515b6a', 'dca1ea5c-040f-4458-a9c4-ca224a2d9912', 'Brown sweater', 'sweater', 'brown'),
('20da05b1-ecca-41d0-a0a3-7c838becdd69', '234f9429-d3b9-4e86-a17b-546ce08f50dd', 'Black sweater', 'sweater', 'black'),
('95806fba-b9bb-4259-8d3d-70ee2517ff91', '234f9429-d3b9-4e86-a17b-546ce08f50dd', 'Gray sweater', 'sweater', 'gray'),
('30fd6c47-3046-4ec4-8d62-cb15b896e487', '234f9429-d3b9-4e86-a17b-546ce08f50dd', 'Striped green pullover', 'sweater', 'green'),
('b20f86db-2584-4264-ae19-e22a8c93095c', '234f9429-d3b9-4e86-a17b-546ce08f50dd', 'Yellow pullover', 'sweater', 'yellow'),
('8e1d617e-3639-44a5-8ea8-88d0751d5058', 'dca1ea5c-040f-4458-a9c4-ca224a2d9912', 'Blue jeans', 'pants', 'blue'),
('730aac07-983c-4ece-99f0-9775d425abd4', 'b2079a72-65da-4b78-ac28-7728dabe54b9', 'Black pants', 'pants', 'black'),
('6e901b26-d6e6-499d-860c-c67afd533b79', 'dca1ea5c-040f-4458-a9c4-ca224a2d9912', 'Gray sweater pants', 'pants', 'gray'),
('5fe3f5c9-923b-447b-bb30-df39f665cb42', 'dca1ea5c-040f-4458-a9c4-ca224a2d9912', 'Purple sweater pants', 'pants', 'purple'),
('1245574f-606f-4f8a-ab1e-554b7c646964', '8ae6fb1c-6644-4bb6-b852-fad6b44a821a', 'Brown puffer', 'jacket', 'brown'),
('765b168c-c84d-4aea-bbb9-9b2ac0a1f901', 'db43a681-0f60-410d-8a81-3db2a45a9633', 'Black leather jacket', 'jacket', 'black'),
('34192650-280b-4472-a031-216c7bd324e1', '234f9429-d3b9-4e86-a17b-546ce08f50dd', 'Black leather jacket', 'jacket', 'black'),
('875e1ec1-602e-4c89-9556-56dccb846baa', 'b2079a72-65da-4b78-ac28-7728dabe54b9', 'Blue denim jacket', 'jacket', 'blue'),
('2d61f298-d5f4-4cad-921c-b486ed426d4a', 'db43a681-0f60-410d-8a81-3db2a45a9633', 'Dark denim jacket', 'jacket', 'black'),
('3b592e54-bc5f-45a9-9120-59719e227ccb', 'f79374b7-7f31-4006-b357-f60a1383951a', 'White pants', 'pants', 'white'),
('3f6d534c-111a-4ca2-b0d2-bb6c3f7442ec', 'f79374b7-7f31-4006-b357-f60a1383951a', 'White & pink watch', 'accessory', 'white'),
('4b6a668a-c8f7-4076-b03b-6a53f3788fec', 'f79374b7-7f31-4006-b357-f60a1383951a', 'Gray Nike joggers', 'pants', 'gray'),
('4d200693-8e67-41b1-b611-daf3cebdb391', 'db43a681-0f60-410d-8a81-3db2a45a9633', 'Blue jeans', 'pants', 'blue'),
('05f54653-503e-4f85-8153-e8cded4c49ec', 'db43a681-0f60-410d-8a81-3db2a45a9633', 'Yellow t-shirt', 'shirt', 'yellow'),
('6e13a2c9-5bfa-4f3a-b714-acc7cac9be36', '8ae6fb1c-6644-4bb6-b852-fad6b44a821a', 'Blue cap', 'accessory', 'blue'),
('8ba04ae8-0174-4725-a18f-4684005ba9d9', '234f9429-d3b9-4e86-a17b-546ce08f50dd', 'Blue jeans', 'pants', 'blue'),
('22ef05ab-7a14-4026-aee0-551d0ca170ce', '8ae6fb1c-6644-4bb6-b852-fad6b44a821a', 'Brown loafers', 'shoes', 'brown'),
('70f0aef1-d003-43ab-8bbc-f672bbd1f953', 'f79374b7-7f31-4006-b357-f60a1383951a', 'White printer t-shirt', 'shirt', 'white'),
('a34e6f7c-f55b-4b27-8347-6e5f39dfe26d', '8ae6fb1c-6644-4bb6-b852-fad6b44a821a', 'Pink fitted t-shirt', 'shirt', 'pink'),
('a50fd24f-f697-497a-89fc-cf774447453d', 'f79374b7-7f31-4006-b357-f60a1383951a', 'Green distressed bag', 'accessory', 'green'),
('aabea46e-fd75-47be-8432-9cba56c1bc52', 'db43a681-0f60-410d-8a81-3db2a45a9633', 'Blue jeans', 'pants', 'blue'),
('b4dc799c-ba46-4c72-8165-6e29f18c5ef9', 'f79374b7-7f31-4006-b357-f60a1383951a', 'Blue jeans', 'pants', 'blue'),
('c1b5cec7-30c0-4d16-8300-45522e4478ab', 'dca1ea5c-040f-4458-a9c4-ca224a2d9912', 'Red fitted t-shirt', 'shirt', 'red'),
('c1d1755d-d872-4f08-b80e-1323c71e620e', 'dca1ea5c-040f-4458-a9c4-ca224a2d9912', 'Beige pants', 'pants', 'white'),
('cd9eb4b7-871d-4801-a7bc-ecdb1d94c090', 'db43a681-0f60-410d-8a81-3db2a45a9633', 'Ted t-shirt', 'shirt', 'red'),
('de6f1750-e850-4412-8402-fff4f1223376', 'dca1ea5c-040f-4458-a9c4-ca224a2d9912', 'Denim skirt', 'pants', 'blue'),
('e3aafd93-feee-490e-801f-34312a13fb86', 'dca1ea5c-040f-4458-a9c4-ca224a2d9912', 'Converse shoes', 'shoes', 'black'),
('e9dc8f3b-ac0e-490c-a2d5-19ce99f6f6c6', 'f79374b7-7f31-4006-b357-f60a1383951a', 'Asics shoes', 'shoes', 'brown'),
('e16eed9f-5345-4e2a-af15-9e690270072b', 'f79374b7-7f31-4006-b357-f60a1383951a', 'Black boots', 'shoes', 'black'),
('e9741e11-97eb-4677-aa17-c0a43bc4bf13', 'b2079a72-65da-4b78-ac28-7728dabe54b9', 'Dark blue jeans', 'pants', 'blue'),
('e6820933-00fb-44c9-8667-fd0912c963ff', '8ae6fb1c-6644-4bb6-b852-fad6b44a821a', 'Black printed sweater', 'sweater', 'black'),
('7f3f24c6-696e-45d7-99eb-c6053394113a', '8ae6fb1c-6644-4bb6-b852-fad6b44a821a', 'Red sweater', 'sweater', 'red'),
('45fd8039-2f9e-4a0e-91ce-f11edf76fd23', 'b2079a72-65da-4b78-ac28-7728dabe54b9', 'Green sweater', 'sweater', 'green'),
('57af8738-5e11-4c4c-9972-98184616a551', '8ae6fb1c-6644-4bb6-b852-fad6b44a821a', 'Dark red sweater', 'sweater', 'red'),
('67ba3b61-f36d-48b7-9d5a-52dc03d3b9f2', 'dca1ea5c-040f-4458-a9c4-ca224a2d9912', 'Black sweater', 'sweater', 'black'),
('0775f0f9-c215-4b7c-9e80-68146067fcc4', '234f9429-d3b9-4e86-a17b-546ce08f50dd', 'Gray hoodie', 'sweater', 'gray'),
('d515ceee-8554-4976-8377-5676d6e6db4c', 'db43a681-0f60-410d-8a81-3db2a45a9633', 'Black windbreaker', 'jacket', 'black'),
('e502afe4-3ce9-4ef1-a8f1-a2fc3197b1ee', 'f79374b7-7f31-4006-b357-f60a1383951a', 'Blue hoodie', 'sweater', 'blue'),
('ef08589f-19f8-4a9c-85c6-8795f9b101ff', 'dca1ea5c-040f-4458-a9c4-ca224a2d9912', 'Black hoodie', 'sweater', 'black'),
('f17fb603-edee-4a4c-9de1-0e27213c09e1', 'b2079a72-65da-4b78-ac28-7728dabe54b9', 'Black hoodie', 'sweater', 'black'),
('f4271462-a141-4b33-b2bf-816f70162395', '8ae6fb1c-6644-4bb6-b852-fad6b44a821a', 'Dark blue hoodie', 'sweater', 'blue'),
-- Test user has all clothing items
('0a304bf7-1604-4e0f-b0b4-f55eada0191f', 'a9fd34f8-9917-4f70-88c9-d6ad276463d3', 'Black shirt', 'shirt', 'black'),
('5d8a1ae5-41f2-4c0a-9ba2-0cce7703acca', 'a9fd34f8-9917-4f70-88c9-d6ad276463d3', 'Blue shirt', 'shirt', 'blue'),
('f1cfb503-476c-42a4-a6c8-6cc576853f5d', 'a9fd34f8-9917-4f70-88c9-d6ad276463d3', 'White boxy shirt', 'shirt', 'white'),
('f0e3df01-1517-4642-9899-4ff1a87a878d', 'a9fd34f8-9917-4f70-88c9-d6ad276463d3', 'Blue long sleeve shirt', 'shirt', 'blue'),
('537a195c-028e-4515-b60a-039e1005c38c', 'a9fd34f8-9917-4f70-88c9-d6ad276463d3', 'White shoes', 'shoes', 'white'),
('258ffc80-71a4-47a4-9a67-b7d6c2c554ec', 'a9fd34f8-9917-4f70-88c9-d6ad276463d3', 'Boots', 'shoes', 'yellow'),
('30ca3b2a-b451-454b-8f51-9b23f22bab7f', 'a9fd34f8-9917-4f70-88c9-d6ad276463d3', 'Red sweater', 'sweater', 'red'),
('aaf5f4f9-0607-4322-a7d2-95f02d040691', 'a9fd34f8-9917-4f70-88c9-d6ad276463d3', 'Brown sweater', 'sweater', 'brown'),
('230b9a41-b869-4f62-9871-0c84efa2221d', 'a9fd34f8-9917-4f70-88c9-d6ad276463d3', 'Black sweater', 'sweater', 'black'),
('81b75449-6bdf-4715-a552-d279b0744bc1', 'a9fd34f8-9917-4f70-88c9-d6ad276463d3', 'Gray sweater', 'sweater', 'gray'),
('96843892-488c-49ff-b5cd-a16c2849a616', 'a9fd34f8-9917-4f70-88c9-d6ad276463d3', 'Striped green pullover', 'sweater', 'green'),
('d7923e1b-46a3-475f-93d5-e1af7521fbb1', 'a9fd34f8-9917-4f70-88c9-d6ad276463d3', 'Yellow pullover', 'sweater', 'yellow'),
('7c539c4f-4bfb-4093-80f1-44ef88b44a1c', 'a9fd34f8-9917-4f70-88c9-d6ad276463d3', 'Blue jeans', 'pants', 'blue'),
('8c1e65e9-7e83-4c79-ae01-1fba7ee34a15', 'a9fd34f8-9917-4f70-88c9-d6ad276463d3', 'Black pants', 'pants', 'black'),
('99cd391a-5a2a-4ae5-b3eb-f86dbef5c8e2', 'a9fd34f8-9917-4f70-88c9-d6ad276463d3', 'Gray sweater pants', 'pants', 'gray'),
('15ef2dfb-ecff-40e7-b877-a42c6340a6d0', 'a9fd34f8-9917-4f70-88c9-d6ad276463d3', 'Purple sweater pants', 'pants', 'purple'),
('78d11ebc-f673-4b40-828d-591b88f21e35', 'a9fd34f8-9917-4f70-88c9-d6ad276463d3', 'Brown puffer', 'jacket', 'brown'),
('b2d4876a-775c-4470-886d-113b5f43d44e', 'a9fd34f8-9917-4f70-88c9-d6ad276463d3', 'Black leather jacket', 'jacket', 'black'),
('386e6505-7f9a-4c11-b9e2-a9944f8c23ca', 'a9fd34f8-9917-4f70-88c9-d6ad276463d3', 'Black leather jacket', 'jacket', 'black'),
('eb0330c8-4935-4ead-b8c0-4ed27ac00eaf', 'a9fd34f8-9917-4f70-88c9-d6ad276463d3', 'Blue denim jacket', 'jacket', 'blue'),
('cfb34522-d2c4-458e-8700-12cd35cf68ca', 'a9fd34f8-9917-4f70-88c9-d6ad276463d3', 'Dark denim jacket', 'jacket', 'black'),
('d717a850-ef69-4cc6-887f-47fe37c979a5', 'a9fd34f8-9917-4f70-88c9-d6ad276463d3', 'White pants', 'pants', 'white'),
('d1a069f6-d5e0-4d1e-831b-125789811787', 'a9fd34f8-9917-4f70-88c9-d6ad276463d3', 'White & pink watch', 'accessory', 'white'),
('348bebaa-f194-4900-ba4b-b684dc9ce64f', 'a9fd34f8-9917-4f70-88c9-d6ad276463d3', 'Gray Nike joggers', 'pants', 'gray'),
('728de5e4-9b08-4959-b712-2ff22e111e83', 'a9fd34f8-9917-4f70-88c9-d6ad276463d3', 'Blue jeans', 'pants', 'blue'),
('54318b59-4968-420f-af12-d331204bba43', 'a9fd34f8-9917-4f70-88c9-d6ad276463d3', 'Yellow t-shirt', 'shirt', 'yellow'),
('a26a1960-52cb-4daf-bac6-85758bb18af3', 'a9fd34f8-9917-4f70-88c9-d6ad276463d3', 'Blue cap', 'accessory', 'blue'),
('f05c1c95-0b6b-443a-a0fc-5fe25ce4de02', 'a9fd34f8-9917-4f70-88c9-d6ad276463d3', 'Blue jeans', 'pants', 'blue'),
('7d172c9d-43d2-41c5-8e58-14f32abe7a50', 'a9fd34f8-9917-4f70-88c9-d6ad276463d3', 'Brown loafers', 'shoes', 'brown'),
('5c8e46f7-8d56-43e8-b440-efa308ca9b4d', 'a9fd34f8-9917-4f70-88c9-d6ad276463d3', 'White printer t-shirt', 'shirt', 'white'),
('a3b0f7fc-c3de-4572-862a-2caa31e28e0c', 'a9fd34f8-9917-4f70-88c9-d6ad276463d3', 'Pink fitted t-shirt', 'shirt', 'pink'),
('d4ebd351-dc7d-4545-9c49-062f43ac98ea', 'a9fd34f8-9917-4f70-88c9-d6ad276463d3', 'Green distressed bag', 'accessory', 'green'),
('b607a920-eb81-4e92-9414-147103708115', 'a9fd34f8-9917-4f70-88c9-d6ad276463d3', 'Blue jeans', 'pants', 'blue'),
('b0ff80e4-ba06-4e1e-bc76-84efd4be6096', 'a9fd34f8-9917-4f70-88c9-d6ad276463d3', 'Blue jeans', 'pants', 'blue'),
('79cc761a-e83a-4e48-a952-56fe0e1e4ccd', 'a9fd34f8-9917-4f70-88c9-d6ad276463d3', 'Red fitted t-shirt', 'shirt', 'red'),
('2092a297-aa27-4491-9f04-da77e7ed82a6', 'a9fd34f8-9917-4f70-88c9-d6ad276463d3', 'Beige pants', 'pants', 'white'),
('6af86d26-789c-4198-967e-731eeeffaca7', 'a9fd34f8-9917-4f70-88c9-d6ad276463d3', 'Ted t-shirt', 'shirt', 'red'),
('e70846e2-0b46-4399-bcbe-00d6cd778970', 'a9fd34f8-9917-4f70-88c9-d6ad276463d3', 'Denim skirt', 'pants', 'blue'),
('0036898d-5d31-49a3-bc0c-793387319cea', 'a9fd34f8-9917-4f70-88c9-d6ad276463d3', 'Converse shoes', 'shoes', 'black'),
('22f6f1bf-1331-4be7-b25a-79109ffcd850', 'a9fd34f8-9917-4f70-88c9-d6ad276463d3', 'Asics shoes', 'shoes', 'brown'),
('66a092ec-3835-48dd-bffd-23f7baab7107', 'a9fd34f8-9917-4f70-88c9-d6ad276463d3', 'Black boots', 'shoes', 'black'),
('8cb2374a-d9b5-44af-9be6-edc391c1efb7', 'a9fd34f8-9917-4f70-88c9-d6ad276463d3', 'Dark blue jeans', 'pants', 'blue'),
('f9c844d9-e31c-42a6-863d-91f4c7a8ad1b', 'a9fd34f8-9917-4f70-88c9-d6ad276463d3', 'Black printed sweater', 'sweater', 'black'),
('d52bd870-1d29-4060-9bd2-4f3a58e46958', 'a9fd34f8-9917-4f70-88c9-d6ad276463d3', 'Red sweater', 'sweater', 'red'),
('d47971b7-fda4-433c-8541-93c3757f28c6', 'a9fd34f8-9917-4f70-88c9-d6ad276463d3', 'Green sweater', 'sweater', 'green'),
('4e560b23-1b00-4c9e-93fb-c3580bd15912', 'a9fd34f8-9917-4f70-88c9-d6ad276463d3', 'Dark red sweater', 'sweater', 'red'),
('c6e0155a-de46-4034-bbfe-1acd7c810dd4', 'a9fd34f8-9917-4f70-88c9-d6ad276463d3', 'Black sweater', 'sweater', 'black'),
('aa9c313c-0894-491c-b69d-eb866787610c', 'a9fd34f8-9917-4f70-88c9-d6ad276463d3', 'Gray hoodie', 'sweater', 'gray'),
('e984be51-c76b-4b3a-bff9-77807887d49f', 'a9fd34f8-9917-4f70-88c9-d6ad276463d3', 'Black windbreaker', 'jacket', 'black'),
('730f35f3-0c24-4482-9623-00b0aa959185', 'a9fd34f8-9917-4f70-88c9-d6ad276463d3', 'Blue hoodie', 'sweater', 'blue'),
('6279785a-5517-40df-94ef-32be1c1ca237', 'a9fd34f8-9917-4f70-88c9-d6ad276463d3', 'Black hoodie', 'sweater', 'black'),
('627fe089-7b01-452c-bb2d-174e4342dbe3', 'a9fd34f8-9917-4f70-88c9-d6ad276463d3', 'Black hoodie', 'sweater', 'black'),
('fd8c02e9-4065-4a31-8e83-2b49c094f6df', 'a9fd34f8-9917-4f70-88c9-d6ad276463d3', 'Dark blue hoodie', 'sweater', 'blue');

INSERT INTO public.outfit (id, user_id, created_at) VALUES
('0d199683-b419-45d3-8e3e-1eaa46001dc5', 'db43a681-0f60-410d-8a81-3db2a45a9633', now() - interval '15 days'),
('06d3fb17-238e-4f94-83a7-0c439f340e7c', 'db43a681-0f60-410d-8a81-3db2a45a9633', now() - interval '12 days'),
('07150517-05fd-4f4e-96a1-aa732ef929e1', 'b2079a72-65da-4b78-ac28-7728dabe54b9', now() - interval '30 days'),
('2a28f904-171b-455f-8caa-e3940a612c5a', 'b2079a72-65da-4b78-ac28-7728dabe54b9', now() - interval '7 days'),
('221b3dad-53aa-4a7d-bf09-25ea4bc1696d', '234f9429-d3b9-4e86-a17b-546ce08f50dd', now() - interval '6 days'),
('595a6312-72ca-42ab-94b6-484d39af498a', 'f79374b7-7f31-4006-b357-f60a1383951a', now() - interval '31 days'),
('bd4e5e11-7dd1-4677-a265-c802627d79f3', '234f9429-d3b9-4e86-a17b-546ce08f50dd', now() - interval '18 days'),
('cd75a0c3-13e1-4a6e-a219-d5b67b566db3', 'f79374b7-7f31-4006-b357-f60a1383951a', now() - interval '5 days'),
('fac3beaa-8605-467c-aab2-0ac2e9459983', '8ae6fb1c-6644-4bb6-b852-fad6b44a821a', now() - interval '23 days');

INSERT INTO outfit_clothing_items (outfit_id, clothing_item_id) VALUES
('06d3fb17-238e-4f94-83a7-0c439f340e7c', 'ca727857-1425-4643-9cb6-f666f60d9321'),
('06d3fb17-238e-4f94-83a7-0c439f340e7c', '4d200693-8e67-41b1-b611-daf3cebdb391'),
('06d3fb17-238e-4f94-83a7-0c439f340e7c', 'b20f86db-2584-4264-ae19-e22a8c93095c'),
('06d3fb17-238e-4f94-83a7-0c439f340e7c', 'd515ceee-8554-4976-8377-5676d6e6db4c'),
('0d199683-b419-45d3-8e3e-1eaa46001dc5', '6ac8b8a3-2f3b-41a4-a54e-2270a94b010f'),
('0d199683-b419-45d3-8e3e-1eaa46001dc5', 'aabea46e-fd75-47be-8432-9cba56c1bc52'),
('0d199683-b419-45d3-8e3e-1eaa46001dc5', '765b168c-c84d-4aea-bbb9-9b2ac0a1f901'),
('07150517-05fd-4f4e-96a1-aa732ef929e1', '6eac116a-fc20-4229-aa4b-7aec8c52c0b6'),
('07150517-05fd-4f4e-96a1-aa732ef929e1', '730aac07-983c-4ece-99f0-9775d425abd4'),
('07150517-05fd-4f4e-96a1-aa732ef929e1', '875e1ec1-602e-4c89-9556-56dccb846baa'),
('2a28f904-171b-455f-8caa-e3940a612c5a', '45fd8039-2f9e-4a0e-91ce-f11edf76fd23'),
('2a28f904-171b-455f-8caa-e3940a612c5a', 'e9741e11-97eb-4677-aa17-c0a43bc4bf13'),
('595a6312-72ca-42ab-94b6-484d39af498a', '70f0aef1-d003-43ab-8bbc-f672bbd1f953'),
('595a6312-72ca-42ab-94b6-484d39af498a', '3b592e54-bc5f-45a9-9120-59719e227ccb'),
('595a6312-72ca-42ab-94b6-484d39af498a', 'dbb24210-100c-446a-bf13-b317e043b0f4'),
('cd75a0c3-13e1-4a6e-a219-d5b67b566db3', 'e502afe4-3ce9-4ef1-a8f1-a2fc3197b1ee'),
('cd75a0c3-13e1-4a6e-a219-d5b67b566db3', '4b6a668a-c8f7-4076-b03b-6a53f3788fec'),
('cd75a0c3-13e1-4a6e-a219-d5b67b566db3', 'e16eed9f-5345-4e2a-af15-9e690270072b'),
('221b3dad-53aa-4a7d-bf09-25ea4bc1696d', '985b0ca5-2cdc-4abe-971c-9271af767b81'),
('221b3dad-53aa-4a7d-bf09-25ea4bc1696d', '8ba04ae8-0174-4725-a18f-4684005ba9d9'),
('221b3dad-53aa-4a7d-bf09-25ea4bc1696d', '34192650-280b-4472-a031-216c7bd324e1'),
('bd4e5e11-7dd1-4677-a265-c802627d79f3', '0775f0f9-c215-4b7c-9e80-68146067fcc4'),
('bd4e5e11-7dd1-4677-a265-c802627d79f3', '95806fba-b9bb-4259-8d3d-70ee2517ff91'),
('bd4e5e11-7dd1-4677-a265-c802627d79f3', '20da05b1-ecca-41d0-a0a3-7c838becdd69'),
('fac3beaa-8605-467c-aab2-0ac2e9459983', 'a34e6f7c-f55b-4b27-8347-6e5f39dfe26d'),
('fac3beaa-8605-467c-aab2-0ac2e9459983', '6e13a2c9-5bfa-4f3a-b714-acc7cac9be36'),
('fac3beaa-8605-467c-aab2-0ac2e9459983', '1245574f-606f-4f8a-ab1e-554b7c646964');

INSERT INTO followers (follower_id, following_id) VALUES
-- Angus follows
('db43a681-0f60-410d-8a81-3db2a45a9633', 'b2079a72-65da-4b78-ac28-7728dabe54b9'),
('db43a681-0f60-410d-8a81-3db2a45a9633', '234f9429-d3b9-4e86-a17b-546ce08f50dd'),
-- Paqui follows
('b2079a72-65da-4b78-ac28-7728dabe54b9', 'db43a681-0f60-410d-8a81-3db2a45a9633'),
('b2079a72-65da-4b78-ac28-7728dabe54b9', 'dca1ea5c-040f-4458-a9c4-ca224a2d9912'),
-- Maxence follows
('f79374b7-7f31-4006-b357-f60a1383951a', 'db43a681-0f60-410d-8a81-3db2a45a9633'),
('f79374b7-7f31-4006-b357-f60a1383951a', '8ae6fb1c-6644-4bb6-b852-fad6b44a821a'),
-- Néo follows
('dca1ea5c-040f-4458-a9c4-ca224a2d9912', 'b2079a72-65da-4b78-ac28-7728dabe54b9'),
('dca1ea5c-040f-4458-a9c4-ca224a2d9912', '234f9429-d3b9-4e86-a17b-546ce08f50dd'),
-- Yann follows
('8ae6fb1c-6644-4bb6-b852-fad6b44a821a', 'db43a681-0f60-410d-8a81-3db2a45a9633'),
('8ae6fb1c-6644-4bb6-b852-fad6b44a821a', 'f79374b7-7f31-4006-b357-f60a1383951a'),
-- Clément follows
('234f9429-d3b9-4e86-a17b-546ce08f50dd', 'db43a681-0f60-410d-8a81-3db2a45a9633'),
('234f9429-d3b9-4e86-a17b-546ce08f50dd', 'dca1ea5c-040f-4458-a9c4-ca224a2d9912'),
-- test user follows a bit of everyone
('a9fd34f8-9917-4f70-88c9-d6ad276463d3', 'db43a681-0f60-410d-8a81-3db2a45a9633'),
('a9fd34f8-9917-4f70-88c9-d6ad276463d3', 'b2079a72-65da-4b78-ac28-7728dabe54b9'),
('a9fd34f8-9917-4f70-88c9-d6ad276463d3', 'f79374b7-7f31-4006-b357-f60a1383951a');

INSERT INTO publication (id, user_id, description, outfit_id, created_at) VALUES
-- Angus
('0d199683-b419-45d3-8e3e-1eaa46001dc5', 'db43a681-0f60-410d-8a81-3db2a45a9633', 'Casual daily outfit',
 '0d199683-b419-45d3-8e3e-1eaa46001dc5', now() - interval '15 days'),
('2a7c3338-39d4-46f3-b50d-2f240a948a12', 'db43a681-0f60-410d-8a81-3db2a45a9633', 'Simple winter look',
 '06d3fb17-238e-4f94-83a7-0c439f340e7c', now() - interval '12 days'),
-- Paqui
('7b44c349-47e4-4201-917a-e13c0f0e2a00', 'b2079a72-65da-4b78-ac28-7728dabe54b9', 'Classic black outfit',
 '07150517-05fd-4f4e-96a1-aa732ef929e1', now() - interval '30 days'),
('63e9df0c-2f75-4777-b3f0-a6fa8ebd9ca3', 'b2079a72-65da-4b78-ac28-7728dabe54b9', 'Green tones today',
 '2a28f904-171b-455f-8caa-e3940a612c5a', now() - interval '7 days'),
-- Maxence
('aefc6311-af3b-4961-a0be-8604cd093896', 'f79374b7-7f31-4006-b357-f60a1383951a', 'Minimal white fit',
 '595a6312-72ca-42ab-94b6-484d39af498a', now() - interval '31 days'),
('c1c3e277-493e-424d-a311-38458233e2a1', 'f79374b7-7f31-4006-b357-f60a1383951a', 'Sporty casual',
 'cd75a0c3-13e1-4a6e-a219-d5b67b566db3', now() - interval '5 days'),
-- Clément
('d7741982-ba76-4724-b6ae-b6af6a4b25b1', '234f9429-d3b9-4e86-a17b-546ce08f50dd', 'Layered winter fit',
 '221b3dad-53aa-4a7d-bf09-25ea4bc1696d', now() - interval '6 days'),
('f2656f11-dd32-428e-aa45-1d2b98dc9c21', '234f9429-d3b9-4e86-a17b-546ce08f50dd', 'Simple black jacket',
 'bd4e5e11-7dd1-4677-a265-c802627d79f3', now() - interval '18 days'),
-- Yann
('ff7735e8-3653-4619-8ac3-3f55cd13bb0a', '8ae6fb1c-6644-4bb6-b852-fad6b44a821a', 'Warm puffer fit',
 'fac3beaa-8605-467c-aab2-0ac2e9459983', now() - interval '23 days');

INSERT INTO reaction (post_id, user_id, type, created_at) VALUES
('2a7c3338-39d4-46f3-b50d-2f240a948a12', '11111111-1111-1111-1111-111111111111', 'like', now() - interval '22 hours'),
('2a7c3338-39d4-46f3-b50d-2f240a948a12', '66666666-6666-6666-6666-666666666666', 'love', now() - interval '20 hours'),
('2a7c3338-39d4-46f3-b50d-2f240a948a12', '77777777-7777-7777-7777-777777777777', 'wow',  now() - interval '19 hours'),
('c1c3e277-493e-424d-a311-38458233e2a1', '22222222-2222-2222-2222-222222222222', 'like', now() - interval '4 days'),
('c1c3e277-493e-424d-a311-38458233e2a1', '33333333-3333-3333-3333-333333333333', 'haha', now() - interval '3 days'),
('c1c3e277-493e-424d-a311-38458233e2a1', '44444444-4444-4444-4444-444444444444', 'like', now() - interval '2 days'),
('ff7735e8-3653-4619-8ac3-3f55cd13bb0a', '55555555-5555-5555-5555-555555555555', 'like', now() - interval '3 days'),
('ff7735e8-3653-4619-8ac3-3f55cd13bb0a', '66666666-6666-6666-6666-666666666666', 'love', now() - interval '2 days'),
('c1c3e277-493e-424d-a311-38458233e2a1', '77777777-7777-7777-7777-777777777777', 'like', now() - interval '2 days'),
('c1c3e277-493e-424d-a311-38458233e2a1', '11111111-1111-1111-1111-111111111111', 'wow',  now() - interval '1 day'),
('aefc6311-af3b-4961-a0be-8604cd093896', '22222222-2222-2222-2222-222222222222', 'like', now() - interval '25 days'),
('7b44c349-47e4-4201-917a-e13c0f0e2a00', '33333333-3333-3333-3333-333333333333', 'sad', now() - interval '28 days'),
('aefc6311-af3b-4961-a0be-8604cd093896', '44444444-4444-4444-4444-444444444444', 'like', now() - interval '30 days');
